,precision,recall,f1-score,support
speech,1.0,0.8888888888888888,0.9411764705882353,9.0
voice,0.75,1.0,0.8571428571428571,9.0
animal,0.6666666666666666,0.4,0.5,10.0
music,0.8888888888888888,0.8,0.8421052631578948,10.0
nature,0.6153846153846154,0.8,0.6956521739130435,10.0
tool,0.6,0.6,0.6,10.0
accuracy,0.7413793103448276,0.7413793103448276,0.7413793103448276,0.7413793103448276
macro avg,0.7534900284900284,0.748148148148148,0.7393461274670051,58.0
weighted avg,0.7493000294724432,0.7413793103448276,0.7338353158670554,58.0
