,precision,recall,f1-score,support
speech,0.6666666666666666,0.6666666666666666,0.6666666666666666,9.0
voice,0.625,0.5555555555555556,0.5882352941176471,9.0
animal,0.46153846153846156,0.6,0.5217391304347826,10.0
music,0.3333333333333333,0.3,0.3157894736842105,10.0
nature,0.45454545454545453,0.5,0.47619047619047616,10.0
tool,0.875,0.7,0.7777777777777777,10.0
accuracy,0.5517241379310345,0.5517241379310345,0.5517241379310345,0.5517241379310345
macro avg,0.5693473193473194,0.5537037037037037,0.5577331364785935,58.0
weighted avg,0.566709870589181,0.5517241379310345,0.5553290728953671,58.0
