,precision,recall,f1-score,support
speech,0.75,0.6666666666666666,0.7058823529411765,9.0
voice,0.5384615384615384,0.7777777777777778,0.6363636363636364,9.0
animal,0.4666666666666667,0.7,0.56,10.0
music,0.16666666666666666,0.1,0.125,10.0
nature,0.6666666666666666,0.6,0.631578947368421,10.0
tool,0.8571428571428571,0.6,0.7058823529411764,10.0
accuracy,0.5689655172413793,0.5689655172413793,0.5689655172413793,0.5689655172413793
macro avg,0.5742673992673993,0.5740740740740741,0.5607845482690684,58.0
weighted avg,0.5718548692686624,0.5689655172413793,0.5569797742558499,58.0
