,precision,recall,f1-score,support
speech,0.6363636363636364,0.7777777777777778,0.7000000000000001,9.0
voice,0.6666666666666666,0.2222222222222222,0.3333333333333333,9.0
animal,0.0,0.0,0.0,10.0
music,1.0,0.6,0.7499999999999999,10.0
nature,0.2777777777777778,0.5,0.35714285714285715,10.0
tool,0.35294117647058826,0.6,0.4444444444444445,10.0
accuracy,0.4482758620689655,0.4482758620689655,0.4482758620689655,0.4482758620689655
macro avg,0.4889582095464448,0.45,0.4308201058201058,58.0
weighted avg,0.4833527977544205,0.4482758620689655,0.4278598795840175,58.0
