,precision,recall,f1-score,support
speech,0.5,0.6666666666666666,0.5714285714285715,9.0
voice,0.16666666666666666,0.1111111111111111,0.13333333333333333,9.0
animal,0.2727272727272727,0.3,0.28571428571428564,10.0
music,0.3333333333333333,0.1,0.15384615384615383,10.0
nature,0.29411764705882354,0.5,0.37037037037037035,10.0
tool,0.5555555555555556,0.5,0.5263157894736842,10.0
accuracy,0.3620689655172414,0.3620689655172414,0.3620689655172414,0.3620689655172414
macro avg,0.353733412556942,0.362962962962963,0.3401680840277331,58.0
weighted avg,0.3544368635646526,0.3620689655172414,0.33974695063624283,58.0
