,precision,recall,f1-score,support
speech,0.9,1.0,0.9473684210526316,9.0
voice,0.6363636363636364,0.7777777777777778,0.7000000000000001,9.0
animal,0.4,0.6,0.48,10.0
music,0.6,0.3,0.4,10.0
nature,0.6666666666666666,0.6,0.631578947368421,10.0
tool,0.875,0.7,0.7777777777777777,10.0
accuracy,0.6551724137931034,0.6551724137931034,0.6551724137931034,0.6551724137931034
macro avg,0.6796717171717171,0.662962962962963,0.656120857699805,58.0
weighted avg,0.676619644723093,0.6551724137931034,0.6503428110506151,58.0
