,precision,recall,f1-score,support
speech,0.75,0.6666666666666666,0.7058823529411765,9.0
voice,0.6363636363636364,0.7777777777777778,0.7000000000000001,9.0
animal,0.4666666666666667,0.7,0.56,10.0
music,0.375,0.3,0.33333333333333326,10.0
nature,0.5,0.4,0.4444444444444445,10.0
tool,0.75,0.6,0.6666666666666665,10.0
accuracy,0.5689655172413793,0.5689655172413793,0.5689655172413793,0.5689655172413793
macro avg,0.5796717171717172,0.5740740740740741,0.5683877995642702,58.0
weighted avg,0.5757575757575757,0.5689655172413793,0.5637480279468108,58.0
