,precision,recall,f1-score,support
speech,0.8181818181818182,1.0,0.9,9.0
voice,0.6666666666666666,0.6666666666666666,0.6666666666666666,9.0
animal,0.5384615384615384,0.7,0.608695652173913,10.0
music,0.42857142857142855,0.3,0.3529411764705882,10.0
nature,0.7777777777777778,0.7,0.7368421052631577,10.0
tool,0.7777777777777778,0.7,0.7368421052631577,10.0
accuracy,0.6724137931034483,0.6724137931034483,0.6724137931034483,0.6724137931034483
macro avg,0.6679061679061679,0.6777777777777777,0.6669979509729139,58.0
weighted avg,0.6653365791296826,0.6724137931034483,0.6629863860639338,58.0
