,precision,recall,f1-score,support
speech,0.9,1.0,0.9473684210526316,9.0
voice,0.7272727272727273,0.8888888888888888,0.7999999999999999,9.0
animal,0.46153846153846156,0.6,0.5217391304347826,10.0
music,0.5,0.4,0.4444444444444445,10.0
nature,0.8571428571428571,0.6,0.7058823529411764,10.0
tool,0.7777777777777778,0.7,0.7368421052631577,10.0
accuracy,0.6896551724137931,0.6896551724137931,0.6896551724137931,0.6896551724137931
macro avg,0.703955303955304,0.6981481481481482,0.6927127423560321,58.0
weighted avg,0.7001731984490605,0.6896551724137931,0.6864723469018843,58.0
