,precision,recall,f1-score,support
speech,0.6153846153846154,0.8888888888888888,0.7272727272727274,9.0
voice,0.4,0.2222222222222222,0.2857142857142857,9.0
animal,0.6666666666666666,0.4,0.5,10.0
music,0.7,0.7,0.7,10.0
nature,0.5333333333333333,0.8,0.64,10.0
tool,0.5555555555555556,0.5,0.5263157894736842,10.0
accuracy,0.5862068965517241,0.5862068965517241,0.5862068965517241,0.5862068965517241
macro avg,0.5784900284900284,0.5851851851851851,0.5632171337434496,58.0
weighted avg,0.5809313292071913,0.5862068965517241,0.5651731208899993,58.0
