,precision,recall,f1-score,support
speech,0.5454545454545454,0.6666666666666666,0.6,9.0
voice,0.5,0.6666666666666666,0.5714285714285715,9.0
animal,0.5,0.7,0.5833333333333334,10.0
music,1.0,0.3,0.4615384615384615,10.0
nature,0.45454545454545453,0.5,0.47619047619047616,10.0
tool,1.0,0.7,0.8235294117647058,10.0
accuracy,0.5862068965517241,0.5862068965517241,0.5862068965517241,0.5862068965517241
macro avg,0.6666666666666666,0.5888888888888889,0.5860033757092581,58.0
weighted avg,0.6716300940438871,0.5862068965517241,0.5860133443297745,58.0
